社会,169,92,0.5443786982248521,77,0.4556213017751479
主义,144,83,0.5763888888888888,0,0.0
发展,125,73,0.584,52,0.416
中国,79,53,0.6708860759493671,26,0.3291139240506329
社会主义,73,48,0.6575342465753424,25,0.3424657534246575
资本,68,39,0.5735294117647058,29,0.4264705882352941
经济,66,38,0.5757575757575758,28,0.42424242424242425
国家,55,30,0.5454545454545454,25,0.45454545454545453
生产,43,30,0.6976744186046512,13,0.3023255813953488
人民,42,26,0.6190476190476191,16,0.38095238095238093
民主,41,24,0.5853658536585366,17,0.4146341463414634
价值,41,22,0.5365853658536586,19,0.4634146341463415
历史,41,25,0.6097560975609756,16,0.3902439024390244
革命,41,29,0.7073170731707317,12,0.2926829268292683
我国,38,22,0.5789473684210527,16,0.42105263157894735
世界,38,22,0.5789473684210527,16,0.42105263157894735
建设,38,27,0.7105263157894737,11,0.2894736842105263
制度,36,18,0.5,18,0.5
坚持,33,19,0.5757575757575758,14,0.42424242424242425
实现,32,13,0.40625,19,0.59375
国际,32,17,0.53125,15,0.46875
民族,30,17,0.5666666666666667,13,0.43333333333333335
政治,29,17,0.5862068965517241,12,0.41379310344827586
文化,29,16,0.5517241379310345,13,0.4482758620689655
自然,28,13,0.4642857142857143,15,0.5357142857142857
阶级,28,10,0.35714285714285715,18,0.6428571428571429
关系,27,14,0.5185185185185185,13,0.48148148148148145
统一,27,22,0.8148148148148148,5,0.18518518518518517
人类,27,15,0.5555555555555556,12,0.4444444444444444
劳动,26,13,0.5,13,0.5
主体,26,13,0.5,13,0.5
全面,25,12,0.48,13,0.52
物质,24,14,0.5833333333333334,10,0.4166666666666667
实践,24,19,0.7916666666666666,5,0.20833333333333334
重要,23,18,0.782608695652174,5,0.21739130434782608
资本主义,23,11,0.4782608695652174,12,0.5217391304347826
体系,22,16,0.7272727272727273,6,0.2727272727272727
具有,22,13,0.5909090909090909,9,0.4090909090909091
市场,22,10,0.45454545454545453,12,0.5454545454545454
改革,21,10,0.47619047619047616,11,0.5238095238095238
科学,21,11,0.5238095238095238,10,0.47619047619047616
法律,21,15,0.7142857142857143,6,0.2857142857142857
事物,20,7,0.35,13,0.65
规律,20,8,0.4,12,0.6
推进,20,10,0.5,10,0.5
全球,19,11,0.5789473684210527,8,0.42105263157894735
封建,19,7,0.3684210526315789,12,0.631578947368421
马克思,19,0,0.0,9,0.47368421052631576
决定,19,8,0.42105263157894735,11,0.5789473684210527
环境,19,11,0.5789473684210527,8,0.42105263157894735
基础,19,12,0.631578947368421,7,0.3684210526315789
共同,19,10,0.5263157894736842,9,0.47368421052631576
理论,18,10,0.5555555555555556,8,0.4444444444444444
矛盾,18,6,0.3333333333333333,12,0.6666666666666666
马克思主义,18,10,0.5555555555555556,8,0.4444444444444444
合作,18,11,0.6111111111111112,7,0.3888888888888889
存在,18,9,0.5,9,0.5
治理,18,14,0.7777777777777778,4,0.2222222222222222
教育,17,10,0.5882352941176471,7,0.4117647058823529
领导,17,13,0.7647058823529411,4,0.23529411764705882
提高,17,14,0.8235294117647058,3,0.17647058823529413
根本,17,7,0.4117647058823529,10,0.5882352941176471
思想,17,9,0.5294117647058824,8,0.47058823529411764
维护,17,13,0.7647058823529411,4,0.23529411764705882
力量,16,9,0.5625,7,0.4375
基本,16,9,0.5625,7,0.4375
中华,16,13,0.8125,3,0.1875
意识,16,5,0.3125,11,0.6875
创新,16,6,0.375,10,0.625
作用,16,10,0.625,6,0.375
安全,16,9,0.5625,7,0.4375
促进,16,13,0.8125,3,0.1875
不同,16,14,0.875,2,0.125
地位,16,8,0.5,8,0.5
客观,15,8,0.5333333333333333,7,0.4666666666666667
文明,15,10,0.6666666666666666,5,0.3333333333333333
自我,15,11,0.7333333333333333,4,0.26666666666666666
活动,15,7,0.4666666666666667,8,0.5333333333333333
过程,15,9,0.6,6,0.4
所有,14,0,0.0,8,0.5714285714285714
变化,14,10,0.7142857142857143,4,0.2857142857142857
法治,14,6,0.42857142857142855,8,0.5714285714285714
结合,14,6,0.42857142857142855,8,0.5714285714285714
发挥,14,10,0.7142857142857143,4,0.2857142857142857
群众,14,11,0.7857142857142857,3,0.21428571428571427
实行,13,5,0.38461538461538464,8,0.6153846153846154
传统,13,10,0.7692307692307693,3,0.23076923076923078
个人,13,7,0.5384615384615384,6,0.46153846153846156
认同,13,5,0.38461538461538464,8,0.6153846153846154
完善,13,10,0.7692307692307693,3,0.23076923076923078
认识,13,7,0.5384615384615384,6,0.46153846153846156
系统,13,7,0.5384615384615384,6,0.46153846153846156
因素,13,3,0.23076923076923078,10,0.7692307692307693
水平,13,8,0.6153846153846154,5,0.38461538461538464
道德,13,10,0.7692307692307693,3,0.23076923076923078
优势,13,9,0.6923076923076923,4,0.3076923076923077
现代化,13,8,0.6153846153846154,5,0.38461538461538464
能力,12,9,0.75,3,0.25
技术,12,7,0.5833333333333334,5,0.4166666666666667
商品,12,6,0.5,6,0.5
开放,12,9,0.75,3,0.25
企业,12,6,0.5,6,0.5
生态,12,9,0.75,3,0.25
成为,12,8,0.6666666666666666,4,0.3333333333333333
治国,12,5,0.4166666666666667,0,0.0
结构,12,8,0.6666666666666666,4,0.3333333333333333
农村,12,3,0.25,9,0.75
任务,12,6,0.5,6,0.5
创造,11,5,0.45454545454545453,6,0.5454545454545454
影响,11,7,0.6363636363636364,4,0.36363636363636365
政党,11,6,0.5454545454545454,5,0.45454545454545453
问题,11,6,0.5454545454545454,5,0.45454545454545453
多样,11,8,0.7272727272727273,0,0.0
加强,11,5,0.45454545454545453,6,0.5454545454545454
时代,11,7,0.6363636363636364,4,0.36363636363636365
一个,11,6,0.5454545454545454,5,0.45454545454545453
战争,11,0,0.0,8,0.7272727272727273
依法,11,5,0.45454545454545453,6,0.5454545454545454
推动,11,7,0.6363636363636364,4,0.36363636363636365
有机,11,9,0.8181818181818182,2,0.18181818181818182
性质,11,6,0.5454545454545454,5,0.45454545454545453
无产阶级,11,4,0.36363636363636365,7,0.6363636363636364
权利,11,10,0.9090909090909091,1,0.09090909090909091
工作,11,4,0.36363636363636365,7,0.6363636363636364
和平,11,10,0.9090909090909091,1,0.09090909090909091
利益,11,9,0.8181818181818182,2,0.18181818181818182
确立,10,5,0.5,5,0.5
需要,10,9,0.9,1,0.1
不断,10,6,0.6,4,0.4
战略,10,7,0.7,3,0.3
之间,10,6,0.6,4,0.4
竞争,10,6,0.6,4,0.4
一切,10,4,0.4,6,0.6
提出,10,4,0.4,6,0.6
所有制,10,4,0.4,6,0.6
建立,10,4,0.4,6,0.6
工人,10,5,0.5,5,0.5
保护,10,8,0.8,2,0.2
组织,10,7,0.7,3,0.3
条件,10,6,0.6,4,0.4
阶段,10,7,0.7,3,0.3
已经,10,0,0.0,10,1.0
方式,10,5,0.5,5,0.5
责任,10,8,0.8,2,0.2
宣言,10,2,0.2,8,0.8
原则,10,8,0.8,2,0.2
多样性,10,7,0.7,3,0.3
评价,10,5,0.5,5,0.5
深刻,10,9,0.9,1,0.1
形成,10,4,0.4,6,0.6
完整,9,6,0.6666666666666666,3,0.3333333333333333
构建,9,6,0.6666666666666666,3,0.3333333333333333
理想,9,0,0.0,8,0.8888888888888888
人才,9,7,0.7777777777777778,2,0.2222222222222222
作为,9,6,0.6666666666666666,3,0.3333333333333333
特色,9,7,0.7777777777777778,2,0.2222222222222222
联系,9,4,0.4444444444444444,5,0.5555555555555556
尊重,9,8,0.8888888888888888,0,0.0
探索,9,7,0.7777777777777778,2,0.2222222222222222
手段,9,5,0.5555555555555556,4,0.4444444444444444
能够,9,5,0.5555555555555556,4,0.4444444444444444
改变,9,3,0.3333333333333333,6,0.6666666666666666
更加,9,5,0.5555555555555556,4,0.4444444444444444
没有,9,4,0.4444444444444444,5,0.5555555555555556
提供,9,8,0.8888888888888888,1,0.1111111111111111
空间,9,8,0.8888888888888888,1,0.1111111111111111
稳定,9,5,0.5555555555555556,4,0.4444444444444444
义务,9,5,0.5555555555555556,4,0.4444444444444444
增强,9,6,0.6666666666666666,3,0.3333333333333333
各种,9,5,0.5555555555555556,4,0.4444444444444444
土地,9,3,0.3333333333333333,6,0.6666666666666666
要素,9,7,0.7777777777777778,2,0.2222222222222222
相互,9,8,0.8888888888888888,0,0.0
产业,9,0,0.0,6,0.6666666666666666
生活,9,4,0.4444444444444444,5,0.5555555555555556
开始,8,4,0.5,4,0.5
加快,8,3,0.375,5,0.625
体制,8,3,0.375,5,0.625
团结,8,6,0.75,0,0.0
农业,8,4,0.5,4,0.5
武装,8,3,0.375,5,0.625
方法,8,2,0.25,6,0.75
反对,8,3,0.375,5,0.625
直接,8,5,0.625,3,0.375
资本家,8,5,0.625,3,0.375
民主主义,8,0,0.0,5,0.625
意志,8,4,0.5,4,0.5
精神,8,6,0.75,2,0.25
地区,8,7,0.875,0,0.0
程度,8,6,0.75,2,0.25
相结合,8,3,0.375,5,0.625
共产党,8,5,0.625,3,0.375
进行,8,5,0.625,3,0.375
解放,8,2,0.25,6,0.75
统治,8,4,0.5,4,0.5
国内,8,5,0.625,3,0.375
进一步,8,5,0.625,3,0.375
深化,8,3,0.375,5,0.625
科技,8,6,0.75,2,0.25
生产力,8,7,0.875,1,0.125
主观,8,2,0.25,6,0.75
中华民族,7,6,0.8571428571428571,1,0.14285714285714285
行为,7,2,0.2857142857142857,5,0.7142857142857143
客体,7,6,0.8571428571428571,1,0.14285714285714285
斗争,7,2,0.2857142857142857,5,0.7142857142857143
城市,7,2,0.2857142857142857,5,0.7142857142857143
服务,7,7,1.0,0,0.0
和谐,7,5,0.7142857142857143,2,0.2857142857142857
国共,7,0,0.0,2,0.2857142857142857
控制,7,4,0.5714285714285714,3,0.42857142857142855
取得,7,5,0.7142857142857143,2,0.2857142857142857
信念,7,3,0.42857142857142855,4,0.5714285714285714
主要,7,3,0.42857142857142855,4,0.5714285714285714
区域,7,5,0.7142857142857143,2,0.2857142857142857
两岸,7,2,0.2857142857142857,5,0.7142857142857143
能动,7,0,0.0,5,0.7142857142857143
依法治国,7,3,0.42857142857142855,4,0.5714285714285714
独立,7,5,0.7142857142857143,2,0.2857142857142857
守法,7,6,0.8571428571428571,1,0.14285714285714285
重视,7,6,0.8571428571428571,1,0.14285714285714285
形态,7,4,0.5714285714285714,3,0.42857142857142855
方针,7,4,0.5714285714285714,3,0.42857142857142855
资产阶级,7,2,0.2857142857142857,5,0.7142857142857143
动力,7,5,0.7142857142857143,2,0.2857142857142857
保障,7,6,0.8571428571428571,0,0.0
机制,7,2,0.2857142857142857,5,0.7142857142857143
参与,7,5,0.7142857142857143,2,0.2857142857142857
美德,7,6,0.8571428571428571,1,0.14285714285714285
冲突,7,3,0.42857142857142855,4,0.5714285714285714
核心,7,5,0.7142857142857143,2,0.2857142857142857
把握,7,6,0.8571428571428571,1,0.14285714285714285
正义,7,3,0.42857142857142855,0,0.0
利用,7,3,0.42857142857142855,4,0.5714285714285714
农民,7,3,0.42857142857142855,4,0.5714285714285714
新民主主义,7,3,0.42857142857142855,4,0.5714285714285714
运动,7,6,0.8571428571428571,1,0.14285714285714285
最大,7,7,1.0,0,0.0
香港,7,5,0.7142857142857143,2,0.2857142857142857
取代,6,1,0.16666666666666666,5,0.8333333333333334
完全,6,1,0.16666666666666666,5,0.8333333333333334
资料,6,4,0.6666666666666666,0,0.0
军事,6,2,0.3333333333333333,4,0.6666666666666666
贸易,6,3,0.5,3,0.5
巩固,6,4,0.6666666666666666,2,0.3333333333333333
增进,6,4,0.6666666666666666,2,0.3333333333333333
道路,6,5,0.8333333333333334,1,0.16666666666666666
代表,6,2,0.3333333333333333,4,0.6666666666666666
进步,6,4,0.6666666666666666,2,0.3333333333333333
着力,6,6,1.0,0,0.0
经验,6,3,0.5,3,0.5
全民,6,2,0.3333333333333333,4,0.6666666666666666
政府,6,2,0.3333333333333333,4,0.6666666666666666
新型,6,2,0.3333333333333333,4,0.6666666666666666
中央,6,6,1.0,0,0.0
尺度,6,5,0.8333333333333334,0,0.0
先进,6,4,0.6666666666666666,2,0.3333333333333333
发生,6,4,0.6666666666666666,2,0.3333333333333333
满足,6,4,0.6666666666666666,2,0.3333333333333333
现实,6,6,1.0,0,0.0
经济体,6,4,0.6666666666666666,0,0.0
要求,6,4,0.6666666666666666,2,0.3333333333333333
时间,6,2,0.3333333333333333,4,0.6666666666666666
抗日,6,3,0.5,3,0.5
贡献,6,4,0.6666666666666666,2,0.3333333333333333
实际,6,4,0.6666666666666666,2,0.3333333333333333
转移,6,3,0.5,3,0.5
可以,6,4,0.6666666666666666,2,0.3333333333333333
深入,6,4,0.6666666666666666,0,0.0
方向,6,4,0.6666666666666666,2,0.3333333333333333
美国,6,1,0.16666666666666666,5,0.8333333333333334
供给,6,4,0.6666666666666666,2,0.3333333333333333
支持,6,4,0.6666666666666666,2,0.3333333333333333
交流,6,4,0.6666666666666666,2,0.3333333333333333
标准,6,2,0.3333333333333333,4,0.6666666666666666
爱国,6,6,1.0,0,0.0
势力,6,3,0.5,3,0.5
优化,6,4,0.6666666666666666,2,0.3333333333333333
中国化,6,3,0.5,3,0.5
平衡,6,4,0.6666666666666666,2,0.3333333333333333
制约,6,3,0.5,3,0.5
其他,6,3,0.5,3,0.5
质量,6,4,0.6666666666666666,2,0.3333333333333333
自然环境,6,3,0.5,3,0.5
人们,6,4,0.6666666666666666,2,0.3333333333333333
民主革命,6,4,0.6666666666666666,2,0.3333333333333333
属性,5,4,0.8,1,0.2
金融,5,2,0.4,3,0.6
本质,5,2,0.4,3,0.6
军队,5,2,0.4,3,0.6
重点,5,3,0.6,2,0.4
构成,5,4,0.8,1,0.2
不要,5,2,0.4,3,0.6
共和,5,0,0.0,4,0.8
改革开放,5,4,0.8,1,0.2
生产资料,5,3,0.6,2,0.4
同样,5,2,0.4,3,0.6
特征,5,4,0.8,0,0.0
领域,5,3,0.6,2,0.4
中心,5,3,0.6,2,0.4
机构,5,0,0.0,3,0.6
市场经济,5,3,0.6,2,0.4
注重,5,3,0.6,2,0.4
形式,5,3,0.6,2,0.4
同一,5,1,0.2,4,0.8
分配,5,3,0.6,2,0.4
内在,5,2,0.4,3,0.6
中国共产党,5,4,0.8,1,0.2
起来,5,3,0.6,2,0.4
行使,5,4,0.8,1,0.2
具体,5,4,0.8,0,0.0
本性,5,4,0.8,0,0.0
政策,5,2,0.4,3,0.6
共同富裕,5,1,0.2,4,0.8
增长,5,2,0.4,3,0.6
强化,5,3,0.6,2,0.4
主要矛盾,5,2,0.4,3,0.6
公平,5,3,0.6,0,0.0
投资,5,2,0.4,3,0.6
未来,5,3,0.6,2,0.4
法律义务,5,3,0.6,2,0.4
根本任务,5,1,0.2,4,0.8
状态,5,3,0.6,2,0.4
普遍,5,0,0.0,4,0.8
风险,5,4,0.8,1,0.2
比较,5,5,1.0,0,0.0
执政,5,1,0.2,4,0.8
私人,5,1,0.2,4,0.8
进程,5,5,1.0,0,0.0
引领,5,5,1.0,0,0.0
家庭,5,2,0.4,3,0.6
生产关系,5,5,1.0,0,0.0
目标,5,2,0.4,3,0.6
有效,5,0,0.0,4,0.8
生产方式,5,3,0.6,2,0.4
政权,5,3,0.6,2,0.4
重大,5,4,0.8,1,0.2
爱国主义,5,5,1.0,0,0.0
分歧,5,2,0.4,3,0.6
循环,5,3,0.6,2,0.4
调整,5,3,0.6,2,0.4
强国,5,2,0.4,3,0.6
不可,5,5,1.0,0,0.0
总结,5,3,0.6,2,0.4
协商,5,1,0.2,4,0.8
必须,5,5,1.0,0,0.0
结束,5,2,0.4,3,0.6
坚定,5,2,0.4,3,0.6
反映,5,4,0.8,1,0.2
持续,5,4,0.8,1,0.2
优秀,5,5,1.0,0,0.0
新民主主义革命,5,2,0.4,3,0.6
实施,5,3,0.6,2,0.4
改善,5,3,0.6,2,0.4
台湾,5,0,0.0,3,0.6
长期,5,5,1.0,0,0.0
标志,4,3,0.75,1,0.25
选择,4,4,1.0,0,0.0
胜利,4,3,0.75,1,0.25
传统美德,4,4,1.0,0,0.0
剥削,4,2,0.5,2,0.5
对外,4,0,0.0,3,0.75
德治国,4,1,0.25,3,0.75
产业链,4,1,0.25,3,0.75
解决,4,3,0.75,1,0.25
体现,4,2,0.5,2,0.5
提升,4,4,1.0,0,0.0
公正,4,0,0.0,4,1.0
改造,4,2,0.5,2,0.5
自主,4,3,0.75,1,0.25
反帝,4,2,0.5,2,0.5
原理,4,1,0.25,3,0.75
内地,4,2,0.5,2,0.5
支撑,4,4,1.0,0,0.0
工业,4,0,0.0,2,0.5
一致,4,3,0.75,1,0.25
南海,4,1,0.25,3,0.75
转变,4,1,0.25,3,0.75
监督,4,0,0.0,3,0.75
及其,4,4,1.0,0,0.0
范围,4,3,0.75,1,0.25
明确,4,2,0.5,2,0.5
脱贫,4,4,1.0,0,0.0
客观规律,4,2,0.5,2,0.5
现存,4,1,0.25,3,0.75
规律性,4,3,0.75,1,0.25
联合,4,0,0.0,3,0.75
更高,4,3,0.75,1,0.25
命运,4,2,0.5,2,0.5
大势,4,4,1.0,0,0.0
口号,4,1,0.25,3,0.75
相对,4,4,1.0,0,0.0
教育法,4,4,1.0,0,0.0
破解,4,0,0.0,4,1.0
增加,4,2,0.5,2,0.5
进入,4,3,0.75,1,0.25
共同体,4,3,0.75,1,0.25
部门,4,1,0.25,3,0.75
数字,4,3,0.75,1,0.25
导航系统,4,1,0.25,3,0.75
事业,4,4,1.0,0,0.0
主导,4,0,0.0,4,1.0
剩余价值,4,2,0.5,2,0.5
差异,4,3,0.75,0,0.0
推翻,4,2,0.5,2,0.5
台独,4,3,0.75,1,0.25
立场,4,1,0.25,3,0.75
平等,4,1,0.25,3,0.75
高水平,4,2,0.5,2,0.5
管理,4,0,0.0,3,0.75
工农,4,0,0.0,4,1.0
港澳,4,2,0.5,2,0.5
价值观,4,3,0.75,1,0.25
探测,4,4,1.0,0,0.0
各方,4,1,0.25,3,0.75
规模,4,4,1.0,0,0.0
意义,4,2,0.5,2,0.5
他人,4,3,0.75,1,0.25
广泛,4,3,0.75,0,0.0
总体,4,2,0.5,2,0.5
各国,4,3,0.75,1,0.25
如何,4,1,0.25,3,0.75
序幕,4,2,0.5,2,0.5
反封,4,0,0.0,2,0.5
正在,4,4,1.0,0,0.0
能动性,4,2,0.5,2,0.5
必然,4,3,0.75,1,0.25
复杂,4,0,0.0,1,0.25
人物,4,3,0.75,1,0.25
确保,4,2,0.5,2,0.5
正确,4,1,0.25,3,0.75
帝国主义,4,1,0.25,3,0.75
罢工,4,1,0.25,3,0.75
垄断,4,0,0.0,4,1.0
全体,4,1,0.25,3,0.75
货币,4,3,0.75,1,0.25
伟大,4,3,0.75,1,0.25
落实,4,2,0.5,2,0.5
掌握,4,1,0.25,3,0.75
特别,4,4,1.0,0,0.0
同胞,4,2,0.5,2,0.5
开启,4,2,0.5,2,0.5
中日,4,4,1.0,0,0.0
数量,4,1,0.25,3,0.75
积极,4,3,0.75,1,0.25
殖民,4,3,0.75,0,0.0
尚未,4,2,0.5,2,0.5
管控,4,1,0.25,3,0.75
万元,4,1,0.25,3,0.75
半封建,4,0,0.0,2,0.5
整顿,4,1,0.25,3,0.75
外国,4,1,0.25,3,0.75
生态环境,4,3,0.75,1,0.25
签署,4,3,0.75,1,0.25
繁荣,4,3,0.75,1,0.25
一种,4,2,0.5,2,0.5
可能,4,4,1.0,0,0.0
共识,4,3,0.75,1,0.25
封建社会,4,3,0.75,0,0.0
经营,4,3,0.75,0,0.0
自治,3,2,0.6666666666666666,1,0.3333333333333333
争取,3,3,1.0,0,0.0
根本性,3,2,0.6666666666666666,1,0.3333333333333333
保证,3,3,1.0,0,0.0
英国,3,2,0.6666666666666666,1,0.3333333333333333
20,3,0,0.0,2,0.6666666666666666
高度,3,3,1.0,0,0.0
社会存在,3,1,0.3333333333333333,2,0.6666666666666666
自由化,3,2,0.6666666666666666,1,0.3333333333333333
程序,3,3,1.0,0,0.0
原因,3,2,0.6666666666666666,1,0.3333333333333333
劳动者,3,2,0.6666666666666666,1,0.3333333333333333
我们,3,3,1.0,0,0.0
整体,3,2,0.6666666666666666,0,0.0
设立,3,1,0.3333333333333333,2,0.6666666666666666
共产主义,3,0,0.0,2,0.6666666666666666
前提,3,2,0.6666666666666666,1,0.3333333333333333
卫星,3,0,0.0,2,0.6666666666666666
半封建社会,3,2,0.6666666666666666,1,0.3333333333333333
不能,3,2,0.6666666666666666,1,0.3333333333333333
追求,3,3,1.0,0,0.0
高质量,3,2,0.6666666666666666,1,0.3333333333333333
同情,3,2,0.6666666666666666,1,0.3333333333333333
总是,3,0,0.0,3,1.0
方面,3,3,1.0,0,0.0
平台,3,1,0.3333333333333333,2,0.6666666666666666
立法,3,2,0.6666666666666666,1,0.3333333333333333
协调,3,1,0.3333333333333333,2,0.6666666666666666
突破,3,1,0.3333333333333333,2,0.6666666666666666
传播,3,2,0.6666666666666666,0,0.0
法定,3,3,1.0,0,0.0
更为,3,3,1.0,0,0.0
社会形态,3,1,0.3333333333333333,2,0.6666666666666666
有着,3,2,0.6666666666666666,1,0.3333333333333333
复兴,3,2,0.6666666666666666,1,0.3333333333333333
布局,3,0,0.0,1,0.3333333333333333
拓展,3,3,1.0,0,0.0
内涵,3,3,1.0,0,0.0
趋势,3,1,0.3333333333333333,2,0.6666666666666666
包容,3,2,0.6666666666666666,1,0.3333333333333333
危害,3,3,1.0,0,0.0
环境保护,3,3,1.0,0,0.0
扩大,3,0,0.0,3,1.0
自发,3,1,0.3333333333333333,2,0.6666666666666666
获得,3,2,0.6666666666666666,1,0.3333333333333333
凝聚,3,3,1.0,0,0.0
台湾当局,3,1,0.3333333333333333,2,0.6666666666666666
人口,3,2,0.6666666666666666,0,0.0
外部,3,1,0.3333333333333333,2,0.6666666666666666
统筹,3,2,0.6666666666666666,1,0.3333333333333333
绝对,3,2,0.6666666666666666,1,0.3333333333333333
强大,3,2,0.6666666666666666,1,0.3333333333333333
内容,3,2,0.6666666666666666,1,0.3333333333333333
纪念,3,1,0.3333333333333333,2,0.6666666666666666
重心,3,1,0.3333333333333333,2,0.6666666666666666
分析,3,1,0.3333333333333333,2,0.6666666666666666
公有制,3,0,0.0,3,1.0
防范,3,2,0.6666666666666666,1,0.3333333333333333
健全,3,0,0.0,3,1.0
开发,3,2,0.6666666666666666,0,0.0
利润,3,0,0.0,3,1.0
格局,3,3,1.0,0,0.0
实事求是,3,2,0.6666666666666666,1,0.3333333333333333
执法,3,1,0.3333333333333333,0,0.0
价值尺度,3,2,0.6666666666666666,1,0.3333333333333333
调节,3,0,0.0,2,0.6666666666666666
遵循,3,3,1.0,0,0.0
中介,3,2,0.6666666666666666,1,0.3333333333333333
配置,3,2,0.6666666666666666,1,0.3333333333333333
发达,3,1,0.3333333333333333,2,0.6666666666666666
模式,3,2,0.6666666666666666,1,0.3333333333333333
目的,3,3,1.0,0,0.0
人与自然,3,2,0.6666666666666666,1,0.3333333333333333
产生,3,2,0.6666666666666666,1,0.3333333333333333
保持,3,2,0.6666666666666666,1,0.3333333333333333
出现,3,3,1.0,0,0.0
整个,3,1,0.3333333333333333,2,0.6666666666666666
分工,3,2,0.6666666666666666,1,0.3333333333333333
影响力,3,2,0.6666666666666666,1,0.3333333333333333
充分,3,2,0.6666666666666666,0,0.0
土地革命,3,1,0.3333333333333333,2,0.6666666666666666
规范,3,1,0.3333333333333333,2,0.6666666666666666
担当,3,1,0.3333333333333333,2,0.6666666666666666
封建主义,3,0,0.0,3,1.0
化解,3,2,0.6666666666666666,1,0.3333333333333333
广大,3,1,0.3333333333333333,2,0.6666666666666666
首次,3,3,1.0,0,0.0
使用,3,0,0.0,3,1.0
信息,3,0,0.0,2,0.6666666666666666
精准,3,3,1.0,0,0.0
资源,3,1,0.3333333333333333,2,0.6666666666666666
状况,3,2,0.6666666666666666,1,0.3333333333333333
弘扬,3,2,0.6666666666666666,1,0.3333333333333333
司法,3,1,0.3333333333333333,0,0.0
社会意识,3,1,0.3333333333333333,2,0.6666666666666666
引擎,3,2,0.6666666666666666,1,0.3333333333333333
经济社会,3,2,0.6666666666666666,1,0.3333333333333333
自身,3,1,0.3333333333333333,2,0.6666666666666666
国民党,3,1,0.3333333333333333,2,0.6666666666666666
两个,3,1,0.3333333333333333,2,0.6666666666666666
任何,3,0,0.0,3,1.0
消除,3,0,0.0,3,1.0
区别,3,1,0.3333333333333333,2,0.6666666666666666
需求,3,1,0.3333333333333333,2,0.6666666666666666
经济基础,3,2,0.6666666666666666,1,0.3333333333333333
人类文明,3,3,1.0,0,0.0
真理,3,2,0.6666666666666666,0,0.0
独特,3,3,1.0,0,0.0
认知,3,1,0.3333333333333333,2,0.6666666666666666
转向,3,1,0.3333333333333333,2,0.6666666666666666
观念,3,2,0.6666666666666666,1,0.3333333333333333
主权,3,3,1.0,0,0.0
限制,3,1,0.3333333333333333,2,0.6666666666666666
只能,3,0,0.0,3,1.0
大国,3,2,0.6666666666666666,1,0.3333333333333333
福祉,3,1,0.3333333333333333,2,0.6666666666666666
作出,3,3,1.0,0,0.0
培育,3,1,0.3333333333333333,2,0.6666666666666666
融合,3,1,0.3333333333333333,2,0.6666666666666666
当代,3,2,0.6666666666666666,0,0.0
限度,3,3,1.0,0,0.0
主张,3,1,0.3333333333333333,2,0.6666666666666666
权力,3,2,0.6666666666666666,1,0.3333333333333333
半殖民地,3,2,0.6666666666666666,1,0.3333333333333333
活力,3,1,0.3333333333333333,2,0.6666666666666666
公平正义,3,1,0.3333333333333333,2,0.6666666666666666
功能,3,2,0.6666666666666666,1,0.3333333333333333
共和制,3,0,0.0,3,1.0
贫困,3,0,0.0,2,0.6666666666666666
规则,3,1,0.3333333333333333,2,0.6666666666666666
承包,3,1,0.3333333333333333,2,0.6666666666666666
严格,3,2,0.6666666666666666,0,0.0
造成,3,2,0.6666666666666666,1,0.3333333333333333
落后,3,0,0.0,3,1.0
君主立宪制,3,1,0.3333333333333333,2,0.6666666666666666
完成,3,0,0.0,3,1.0
一定,3,2,0.6666666666666666,1,0.3333333333333333
价格,3,1,0.3333333333333333,2,0.6666666666666666
加大,3,0,0.0,3,1.0
相互尊重,3,2,0.6666666666666666,1,0.3333333333333333
通过,3,2,0.6666666666666666,1,0.3333333333333333
传承,3,1,0.3333333333333333,2,0.6666666666666666
始终,3,1,0.3333333333333333,2,0.6666666666666666
声明,3,1,0.3333333333333333,2,0.6666666666666666
同盟,3,2,0.6666666666666666,1,0.3333333333333333
从严治党,3,1,0.3333333333333333,2,0.6666666666666666
关税,3,1,0.3333333333333333,2,0.6666666666666666
结构性,3,2,0.6666666666666666,1,0.3333333333333333
应对,3,2,0.6666666666666666,0,0.0
反封建,3,2,0.6666666666666666,1,0.3333333333333333
一般,3,1,0.3333333333333333,2,0.6666666666666666
底线,2,2,1.0,0,0.0
最终,2,0,0.0,2,1.0
商业,2,0,0.0,1,0.5
动能,2,2,1.0,0,0.0
僵局,2,0,0.0,2,1.0
考核,2,2,1.0,0,0.0
制造业,2,1,0.5,1,0.5
挑战,2,2,1.0,0,0.0
执政党,2,0,0.0,2,1.0
夺取,2,1,0.5,1,0.5
强军,2,2,1.0,0,0.0
武装起义,2,1,0.5,1,0.5
时期,2,1,0.5,1,0.5
补偿,2,0,0.0,2,1.0
真实,2,2,1.0,0,0.0
相互作用,2,2,1.0,0,0.0
共创,2,1,0.5,1,0.5
互鉴,2,2,1.0,0,0.0
各类,2,2,1.0,0,0.0
支付,2,1,0.5,1,0.5
领导人,2,1,0.5,1,0.5
财富,2,0,0.0,2,1.0
筹款,2,2,1.0,0,0.0
同步,2,0,0.0,2,1.0
力度,2,0,0.0,2,1.0
公共,2,2,1.0,0,0.0
流动,2,2,1.0,0,0.0
小康社会,2,1,0.5,1,0.5
武器,2,1,0.5,1,0.5
党内,2,2,1.0,0,0.0
根本利益,2,2,1.0,0,0.0
法宝,2,2,1.0,0,0.0
归根到底,2,1,0.5,1,0.5
社会公德,2,2,1.0,0,0.0
立足,2,0,0.0,2,1.0
不愿,2,1,0.5,1,0.5
条约,2,0,0.0,2,1.0
工农兵,2,0,0.0,2,1.0
鲜明,2,0,0.0,1,0.5
火星,2,2,1.0,0,0.0
正当,2,2,1.0,0,0.0
亟待,2,1,0.5,1,0.5
南方,2,0,0.0,2,1.0
主观性,2,0,0.0,2,1.0
彻底,2,0,0.0,2,1.0
高层次,2,2,1.0,0,0.0
宣传,2,0,0.0,2,1.0
共享,2,2,1.0,0,0.0
辛亥革命,2,2,1.0,0,0.0
继承,2,2,1.0,0,0.0
补短,2,0,0.0,1,0.5
不平衡性,2,2,1.0,0,0.0
前途,2,1,0.5,1,0.5
科学研究,2,0,0.0,2,1.0
拥有,2,1,0.5,1,0.5
思想路线,2,1,0.5,1,0.5
确定,2,0,0.0,2,1.0
错误,2,1,0.5,1,0.5
竞争力,2,2,1.0,0,0.0
揭开,2,1,0.5,1,0.5
迫切,2,2,1.0,0,0.0
争夺,2,1,0.5,1,0.5
才能,2,2,1.0,0,0.0
适应,2,0,0.0,2,1.0
一体化,2,1,0.5,1,0.5
国民经济,2,1,0.5,1,0.5
全球卫星,2,1,0.5,1,0.5
根源,2,2,1.0,0,0.0
行政区,2,2,1.0,0,0.0
民族团结,2,2,1.0,0,0.0
国家主权,2,2,1.0,0,0.0
合理,2,1,0.5,1,0.5
某些,2,1,0.5,1,0.5
途径,2,1,0.5,0,0.0
两制,2,2,1.0,0,0.0
一国,2,2,1.0,0,0.0
剥夺,2,1,0.5,1,0.5
未知,2,1,0.5,1,0.5
自然界,2,1,0.5,1,0.5
废除,2,0,0.0,2,1.0
过渡,2,0,0.0,1,0.5
全方位,2,2,1.0,0,0.0
效应,2,1,0.5,1,0.5
为了,2,1,0.5,0,0.0
协议,2,1,0.5,1,0.5
生命,2,2,1.0,0,0.0
客观存在,2,1,0.5,1,0.5
党的领导,2,2,1.0,0,0.0
全国,2,1,0.5,1,0.5
消化吸收,2,0,0.0,2,1.0
仍然,2,1,0.5,1,0.5
取决于,2,1,0.5,1,0.5
理想信念,2,1,0.5,1,0.5
自觉,2,0,0.0,2,1.0
长治久安,2,1,0.5,1,0.5
共生,2,2,1.0,0,0.0
人脑,2,2,1.0,0,0.0
基础性,2,1,0.5,1,0.5
明确提出,2,1,0.5,1,0.5
实体,2,0,0.0,2,1.0
乡村,2,0,0.0,2,1.0
外交,2,1,0.5,0,0.0
出来,2,0,0.0,2,1.0
模糊,2,0,0.0,2,1.0
揭示,2,0,0.0,2,1.0
创建,2,1,0.5,1,0.5
内政,2,2,1.0,0,0.0
封建统治,2,2,1.0,0,0.0
智慧,2,1,0.5,1,0.5
生态系统,2,2,1.0,0,0.0
人民解放战争,2,1,0.5,1,0.5
更强,2,0,0.0,2,1.0
工业化,2,1,0.5,1,0.5
成熟,2,0,0.0,2,1.0
勇气,2,1,0.5,1,0.5
板门店,2,1,0.5,1,0.5
动员,2,1,0.5,0,0.0
心态,2,1,0.5,1,0.5
纽带,2,2,1.0,0,0.0
差异性,2,1,0.5,1,0.5
演化,2,1,0.5,1,0.5
特性,2,0,0.0,1,0.5
实质,2,2,1.0,0,0.0
认清,2,1,0.5,1,0.5
创造条件,2,0,0.0,2,1.0
路径,2,2,1.0,0,0.0
之分,2,1,0.5,1,0.5
认为,2,1,0.5,1,0.5
粤港澳,2,1,0.5,1,0.5
教条,2,2,1.0,0,0.0
社保,2,0,0.0,2,1.0
展开,2,1,0.5,0,0.0
发展中国家,2,1,0.5,1,0.5
民族区域,2,1,0.5,1,0.5
防治,2,2,1.0,0,0.0
防止,2,2,1.0,0,0.0
政治路线,2,1,0.5,1,0.5
举措,2,2,1.0,0,0.0
人生,2,0,0.0,1,0.5
混淆,2,0,0.0,2,1.0
粮食安全,2,0,0.0,2,1.0
相通,2,2,1.0,0,0.0
命题,2,1,0.5,1,0.5
干涉,2,1,0.5,1,0.5
了解,2,2,1.0,0,0.0
认可,2,0,0.0,2,1.0
助推,2,2,1.0,0,0.0
原始,2,1,0.5,1,0.5
私有制,2,1,0.5,1,0.5
集中,2,1,0.5,0,0.0
大局,2,2,1.0,0,0.0
显著,2,2,1.0,0,0.0
低层次,2,1,0.5,1,0.5
私人资本,2,0,0.0,2,1.0
互信,2,2,1.0,0,0.0
西方,2,0,0.0,2,1.0
之物,2,2,1.0,0,0.0
丰富,2,2,1.0,0,0.0
常态,2,1,0.5,1,0.5
集体,2,0,0.0,1,0.5
注意,2,1,0.5,1,0.5
强调,2,1,0.5,1,0.5
丧失,2,1,0.5,1,0.5
解放思想,2,0,0.0,2,1.0
他们,2,0,0.0,2,1.0
反法西斯,2,0,0.0,2,1.0
出发,2,2,1.0,0,0.0
面向世界,2,0,0.0,2,1.0
超过,2,1,0.5,1,0.5
报酬,2,0,0.0,2,1.0
抗战,2,1,0.5,1,0.5
军阀,2,0,0.0,2,1.0
责任制,2,1,0.5,1,0.5
事件,2,1,0.5,1,0.5
商品生产者,2,0,0.0,2,1.0
自然规律,2,0,0.0,2,1.0
时代精神,2,1,0.5,1,0.5
开端,2,1,0.5,1,0.5
北南,2,0,0.0,2,1.0
吸引,2,0,0.0,1,0.5
建成,2,1,0.5,1,0.5
独自,2,0,0.0,2,1.0
国营经济,2,1,0.5,1,0.5
代表大会,2,0,0.0,2,1.0
大规模,2,2,1.0,0,0.0
清王朝,2,2,1.0,0,0.0
升级,2,0,0.0,2,1.0
物质性,2,2,1.0,0,0.0
集团,2,0,0.0,2,1.0
态势,2,2,1.0,0,0.0
公司,2,2,1.0,0,0.0
东西,2,2,1.0,0,0.0
为生,2,2,1.0,0,0.0
变成,2,2,1.0,0,0.0
一项,2,2,1.0,0,0.0
履行,2,1,0.5,1,0.5
合规律性,2,2,1.0,0,0.0
选择性,2,2,1.0,0,0.0
集成,2,0,0.0,1,0.5
起点,2,0,0.0,1,0.5
人民军队,2,1,0.5,1,0.5
权威,2,2,1.0,0,0.0
欧洲,2,1,0.5,1,0.5
决策,2,0,0.0,1,0.5
处理,2,0,0.0,2,1.0
抗日战争,2,0,0.0,2,1.0
往往,2,1,0.5,1,0.5
供应链,2,0,0.0,2,1.0
湿地,2,2,1.0,0,0.0
德国,2,0,0.0,2,1.0
开展,2,1,0.5,0,0.0
争取和平,2,2,1.0,0,0.0
品德,2,2,1.0,0,0.0
偶然,2,0,0.0,2,1.0
畅通,2,0,0.0,1,0.5
进展,2,2,1.0,0,0.0
各部,2,0,0.0,1,0.5
少数,2,0,0.0,1,0.5
成功,2,2,1.0,0,0.0
成本,2,1,0.5,1,0.5
扩张,2,0,0.0,2,1.0
扶贫,2,2,1.0,0,0.0
工人阶级,2,2,1.0,0,0.0
有利于,2,1,0.5,1,0.5
成果,2,2,1.0,0,0.0
北京,2,1,0.5,1,0.5
产品,2,2,1.0,0,0.0
自信,2,2,1.0,0,0.0
环保,2,1,0.5,1,0.5
本国,2,1,0.5,0,0.0
彼此,2,2,1.0,0,0.0
依托,2,1,0.5,1,0.5
当时,2,1,0.5,1,0.5
携手,2,1,0.5,1,0.5
民国,2,0,0.0,2,1.0
打破,2,2,1.0,0,0.0
借贷资本,2,0,0.0,2,1.0
局面,2,2,1.0,0,0.0
交换,2,0,0.0,1,0.5
民主协商,2,0,0.0,1,0.5
高低,2,2,1.0,0,0.0
首先,2,1,0.5,1,0.5
能量,2,1,0.5,1,0.5
双方,2,2,1.0,0,0.0
更好,2,2,1.0,0,0.0
商品资本,2,1,0.5,0,0.0
九二,2,2,1.0,0,0.0
大湾,2,1,0.5,1,0.5
信息技术,2,1,0.5,1,0.5
地理环境,2,0,0.0,2,1.0
南北对话,2,0,0.0,2,1.0
接受,2,1,0.5,1,0.5
发动,2,0,0.0,2,1.0
银行,2,1,0.5,1,0.5
大小,2,2,1.0,0,0.0
监管,2,2,1.0,0,0.0
情感,2,1,0.5,1,0.5
组成部分,2,1,0.5,1,0.5
高地,2,1,0.5,1,0.5
五四,2,2,1.0,0,0.0
认识水平,2,1,0.5,1,0.5
对外开放,2,1,0.5,1,0.5
新篇章,2,2,1.0,0,0.0
损害,2,2,1.0,0,0.0
神圣,2,1,0.5,1,0.5
个体,2,2,1.0,0,0.0
第一,2,2,1.0,0,0.0
十周年,2,0,0.0,1,0.5
破坏,2,2,1.0,0,0.0
不以,2,2,1.0,0,0.0
复苏,2,1,0.5,1,0.5
决定性,2,0,0.0,2,1.0
学习,2,2,1.0,0,0.0
产业结构,2,0,0.0,2,1.0
效果,2,1,0.5,1,0.5
城乡,2,0,0.0,2,1.0
地域,2,1,0.5,1,0.5
转化,2,1,0.5,1,0.5
稳定性,2,1,0.5,1,0.5
客观事物,2,1,0.5,1,0.5
深度,2,2,1.0,0,0.0
冲击,2,1,0.5,1,0.5
党和国家,2,2,1.0,0,0.0
武装斗争,2,0,0.0,2,1.0
基因,2,1,0.5,1,0.5
短板,2,0,0.0,2,1.0
援助,2,1,0.5,1,0.5
起源,2,1,0.5,1,0.5
民主专政,2,0,0.0,2,1.0
列强,2,1,0.5,1,0.5
目的性,2,2,1.0,0,0.0
高级,2,2,1.0,0,0.0
三者,2,2,1.0,0,0.0
政治立场,2,0,0.0,2,1.0
公正司法,2,0,0.0,2,1.0
宇宙,2,2,1.0,0,0.0
一成不变,2,1,0.5,1,0.5
祖国,2,2,1.0,0,0.0
业态,2,0,0.0,2,1.0
谋求,2,1,0.5,1,0.5
群众路线,2,2,1.0,0,0.0
受到,2,1,0.5,1,0.5
复杂性,2,2,1.0,0,0.0
专制制度,2,0,0.0,1,0.5
跨越,2,1,0.5,0,0.0
演变,2,1,0.5,1,0.5
自然生态,2,2,1.0,0,0.0
各项,2,1,0.5,0,0.0
人民解放军,2,0,0.0,2,1.0
多种,2,1,0.5,1,0.5
生物,2,1,0.5,1,0.5
粮于,2,2,1.0,0,0.0
成员,2,0,0.0,1,0.5
历史性,2,2,1.0,0,0.0
只是,2,1,0.5,1,0.5
重新,2,2,1.0,0,0.0
兴趣,2,0,0.0,2,1.0
以前,2,1,0.5,1,0.5
引进,2,0,0.0,2,1.0
开创,2,2,1.0,0,0.0
充分发挥,2,1,0.5,1,0.5
必要性,2,1,0.5,1,0.5
打造,2,1,0.5,1,0.5
积极参与,2,2,1.0,0,0.0
职业经理,2,2,1.0,0,0.0
信仰,2,0,0.0,2,1.0
地主,2,0,0.0,2,1.0
面临,2,1,0.5,1,0.5
信心,2,2,1.0,0,0.0
依赖于,2,2,1.0,0,0.0
普惠,2,2,1.0,0,0.0
注入,2,2,1.0,0,0.0
基本特征,2,1,0.5,1,0.5
随着,2,2,1.0,0,0.0
侵占,2,1,0.5,1,0.5
劳动生产率,2,2,1.0,0,0.0
天下,2,1,0.5,0,0.0
观点,1,0,0.0,1,1.0
进步性,1,0,0.0,1,1.0
产权制度,1,1,1.0,0,0.0
互助合作,1,0,0.0,1,1.0
初级阶段,1,1,1.0,0,0.0
必要条件,1,1,1.0,0,0.0
所用,1,1,1.0,0,0.0
割裂,1,1,1.0,0,0.0
流通手段,1,0,0.0,1,1.0
历程,1,1,1.0,0,0.0
地球,1,1,1.0,0,0.0
廓清,1,0,0.0,1,1.0
党外,1,0,0.0,1,1.0
谈判,1,0,0.0,1,1.0
联产承包,1,0,0.0,1,1.0
精神家园,1,1,1.0,0,0.0
外化,1,0,0.0,1,1.0
与非,1,0,0.0,1,1.0
势利,1,1,1.0,0,0.0
教条主义,1,1,1.0,0,0.0
正式,1,0,0.0,1,1.0
激昂,1,1,1.0,0,0.0
总责,1,1,1.0,0,0.0
互惠,1,1,1.0,0,0.0
议会,1,0,0.0,1,1.0
近年来,1,0,0.0,1,1.0
基石,1,1,1.0,0,0.0
各地,1,1,1.0,0,0.0
人力资本,1,0,0.0,1,1.0
赢得,1,1,1.0,0,0.0
飞跃,1,0,0.0,1,1.0
文明礼貌,1,0,0.0,1,1.0
亚洲,1,1,1.0,0,0.0
特定,1,0,0.0,1,1.0
动力源,1,1,1.0,0,0.0
安全意识,1,0,0.0,1,1.0
各项措施,1,0,0.0,1,1.0
片面性,1,1,1.0,0,0.0
着力点,1,1,1.0,0,0.0
农民阶级,1,0,0.0,1,1.0
迅速,1,1,1.0,0,0.0
企业家,1,1,1.0,0,0.0
等量,1,0,0.0,1,1.0
冒进,1,1,1.0,0,0.0
客观性,1,1,1.0,0,0.0
民族平等,1,0,0.0,1,1.0
技术落后,1,0,0.0,1,1.0
言行,1,1,1.0,0,0.0
补充,1,1,1.0,0,0.0
振兴中华,1,1,1.0,0,0.0
优势产业,1,1,1.0,0,0.0
关于,1,0,0.0,1,1.0
过渡性,1,1,1.0,0,0.0
二十周年,1,1,1.0,0,0.0
东方,1,0,0.0,1,1.0
分散,1,0,0.0,1,1.0
路矿,1,1,1.0,0,0.0
民间,1,0,0.0,1,1.0
侵略扩张,1,0,0.0,1,1.0
协会,1,0,0.0,1,1.0
最高,1,1,1.0,0,0.0
基层,1,1,1.0,0,0.0
体悟,1,1,1.0,0,0.0
精神领袖,1,1,1.0,0,0.0
韧性,1,1,1.0,0,0.0
确认,1,1,1.0,0,0.0
共治,1,1,1.0,0,0.0
忽视,1,1,1.0,0,0.0
21.5,1,0,0.0,1,1.0
加以,1,1,1.0,0,0.0
刺激,1,1,1.0,0,0.0
社会关系,1,0,0.0,1,1.0
前行,1,0,0.0,1,1.0
君主专制,1,1,1.0,0,0.0
人生价值,1,1,1.0,0,0.0
净化,1,1,1.0,0,0.0
因地制宜,1,1,1.0,0,0.0
人文,1,0,0.0,1,1.0
而成,1,0,0.0,1,1.0
挖掘,1,1,1.0,0,0.0
世代,1,1,1.0,0,0.0
议题,1,0,0.0,1,1.0
压倒性,1,0,0.0,1,1.0
耕地,1,0,0.0,1,1.0
促统,1,1,1.0,0,0.0
党中央,1,1,1.0,0,0.0
调解,1,1,1.0,0,0.0
均等,1,0,0.0,1,1.0
教派,1,0,0.0,1,1.0
更具,1,0,0.0,1,1.0
海上,1,1,1.0,0,0.0
宝贵,1,1,1.0,0,0.0
必然选择,1,1,1.0,0,0.0
根本宗旨,1,0,0.0,1,1.0
五四运动,1,1,1.0,0,0.0
揭批,1,1,1.0,0,0.0
聚焦,1,1,1.0,0,0.0
逆差,1,0,0.0,1,1.0
抵御,1,1,1.0,0,0.0
操纵,1,0,0.0,1,1.0
社会交往,1,0,0.0,1,1.0
唯一标准,1,0,0.0,1,1.0
单纯,1,0,0.0,1,1.0
知识型,1,1,1.0,0,0.0
四个,1,1,1.0,0,0.0
惩治,1,1,1.0,0,0.0
战略决策,1,1,1.0,0,0.0
疏解,1,1,1.0,0,0.0
封建制度,1,0,0.0,1,1.0
票决,1,0,0.0,1,1.0
占据,1,0,0.0,1,1.0
情况,1,1,1.0,0,0.0
有限,1,0,0.0,1,1.0
统一体,1,1,1.0,0,0.0
无法,1,1,1.0,0,0.0
学风,1,1,1.0,0,0.0
爱党,1,1,1.0,0,0.0
构筑,1,1,1.0,0,0.0
降低,1,0,0.0,1,1.0
个人利益,1,1,1.0,0,0.0
管理制度,1,1,1.0,0,0.0
五矿,1,0,0.0,1,1.0
外国人,1,0,0.0,1,1.0
闭关锁国,1,1,1.0,0,0.0
封锁,1,1,1.0,0,0.0
遇到,1,0,0.0,1,1.0
具体劳动,1,0,0.0,1,1.0
知识分子,1,1,1.0,0,0.0
因互鉴,1,1,1.0,0,0.0
研发,1,0,0.0,1,1.0
跨越式,1,0,0.0,1,1.0
同等,1,0,0.0,1,1.0
人工智能,1,0,0.0,1,1.0
之基,1,1,1.0,0,0.0
处于,1,1,1.0,0,0.0
顽固派,1,0,0.0,1,1.0
更优越,1,0,0.0,1,1.0
返贫,1,1,1.0,0,0.0
台湾同胞,1,1,1.0,0,0.0
有法可依,1,0,0.0,1,1.0
摆在,1,1,1.0,0,0.0
方法论,1,1,1.0,0,0.0
同志,1,1,1.0,0,0.0
显著标志,1,1,1.0,0,0.0
东盟国家,1,0,0.0,1,1.0
大量,1,1,1.0,0,0.0
全人类,1,0,0.0,1,1.0
港湾,1,1,1.0,0,0.0
生机勃勃,1,1,1.0,0,0.0
北洋军阀,1,0,0.0,1,1.0
博大精深,1,1,1.0,0,0.0
提到,1,0,0.0,1,1.0
发展趋势,1,0,0.0,1,1.0
职业道德,1,1,1.0,0,0.0
革命派,1,1,1.0,0,0.0
股权结构,1,1,1.0,0,0.0
城乡经济,1,0,0.0,1,1.0
配额,1,0,0.0,1,1.0
香港特别行政区,1,1,1.0,0,0.0
指导方针,1,0,0.0,1,1.0
角色,1,0,0.0,1,1.0
自留地,1,0,0.0,1,1.0
城市布局,1,1,1.0,0,0.0
扶助,1,1,1.0,0,0.0
空间科学,1,1,1.0,0,0.0
纪念活动,1,0,0.0,1,1.0
在于,1,1,1.0,0,0.0
偶然性,1,0,0.0,1,1.0
经过,1,1,1.0,0,0.0
救助,1,1,1.0,0,0.0
山东,1,0,0.0,1,1.0
逐利性,1,1,1.0,0,0.0
发达国家,1,0,0.0,1,1.0
聚居,1,1,1.0,0,0.0
放弃,1,0,0.0,1,1.0
动向,1,1,1.0,0,0.0
分布,1,1,1.0,0,0.0
时代化,1,0,0.0,1,1.0
多极化,1,1,1.0,0,0.0
冷战,1,0,0.0,1,1.0
制度化,1,0,0.0,1,1.0
传统节日,1,0,0.0,1,1.0
遵纪守法,1,1,1.0,0,0.0
对于,1,1,1.0,0,0.0
是非,1,0,0.0,1,1.0
人民大众,1,0,0.0,1,1.0
自然辩证法,1,0,0.0,1,1.0
西学,1,0,0.0,1,1.0
现状,1,0,0.0,1,1.0
孝老爱亲,1,0,0.0,1,1.0
带头,1,1,1.0,0,0.0
第二个,1,1,1.0,0,0.0
2019,1,1,1.0,0,0.0
采纳,1,0,0.0,1,1.0
密集,1,1,1.0,0,0.0
无论,1,1,1.0,0,0.0
主动权,1,1,1.0,0,0.0
这个,1,1,1.0,0,0.0
保障机制,1,0,0.0,1,1.0
相持,1,0,0.0,1,1.0
先进性,1,1,1.0,0,0.0
同时,1,1,1.0,0,0.0
湖泊,1,1,1.0,0,0.0
防御,1,0,0.0,1,1.0
顶层,1,0,0.0,1,1.0
公益,1,1,1.0,0,0.0
进一步提高,1,1,1.0,0,0.0
通信,1,1,1.0,0,0.0
高价,1,0,0.0,1,1.0
中国政府,1,1,1.0,0,0.0
盐税,1,1,1.0,0,0.0
展示,1,1,1.0,0,0.0
草原,1,1,1.0,0,0.0
迟滞,1,1,1.0,0,0.0
富余,1,0,0.0,1,1.0
克服,1,1,1.0,0,0.0
科技事业,1,1,1.0,0,0.0
理解,1,1,1.0,0,0.0
顺应,1,0,0.0,1,1.0
执法必严,1,0,0.0,1,1.0
植根于,1,1,1.0,0,0.0
弱点,1,1,1.0,0,0.0
整顿作风,1,0,0.0,1,1.0
放在,1,1,1.0,0,0.0
第三种,1,0,0.0,1,1.0
雇佣劳动,1,0,0.0,1,1.0
导弹,1,0,0.0,1,1.0
找出,1,1,1.0,0,0.0
富含,1,1,1.0,0,0.0
帝制,1,0,0.0,1,1.0
而应,1,1,1.0,0,0.0
河流,1,1,1.0,0,0.0
外交部长,1,0,0.0,1,1.0
价值规律,1,0,0.0,1,1.0
什么样,1,1,1.0,0,0.0
食利者,1,1,1.0,0,0.0
民主监督,1,0,0.0,1,1.0
相辅相成,1,1,1.0,0,0.0
结果,1,1,1.0,0,0.0
联想,1,0,0.0,1,1.0
源自,1,1,1.0,0,0.0
科学分析,1,0,0.0,1,1.0
民众,1,0,0.0,1,1.0
一方,1,1,1.0,0,0.0
覆盖,1,1,1.0,0,0.0
管理体制,1,0,0.0,1,1.0
得出,1,1,1.0,0,0.0
充当,1,0,0.0,1,1.0
易于,1,1,1.0,0,0.0
集中力量,1,0,0.0,1,1.0
搜寻,1,1,1.0,0,0.0
机遇,1,1,1.0,0,0.0
根据地,1,0,0.0,1,1.0
人民公社,1,1,1.0,0,0.0
大团结,1,0,0.0,1,1.0
关怀,1,0,0.0,1,1.0
划分,1,1,1.0,0,0.0
险要,1,1,1.0,0,0.0
诉求,1,1,1.0,0,0.0
滋养,1,1,1.0,0,0.0
意涵,1,1,1.0,0,0.0
编辑,1,1,1.0,0,0.0
区间,1,0,0.0,1,1.0
不断完善,1,1,1.0,0,0.0
缺失,1,1,1.0,0,0.0
左倾,1,0,0.0,1,1.0
贡献者,1,1,1.0,0,0.0
会员,1,1,1.0,0,0.0
恪守,1,1,1.0,0,0.0
互相促进,1,1,1.0,0,0.0
声音,1,1,1.0,0,0.0
筹粮,1,1,1.0,0,0.0
价值链,1,1,1.0,0,0.0
党风,1,0,0.0,1,1.0
衰落,1,0,0.0,1,1.0
效能,1,1,1.0,0,0.0
交融,1,1,1.0,0,0.0
没收,1,0,0.0,1,1.0
执行,1,1,1.0,0,0.0
契合,1,1,1.0,0,0.0
公园,1,1,1.0,0,0.0
首都,1,1,1.0,0,0.0
意愿,1,1,1.0,0,0.0
属于,1,1,1.0,0,0.0
低于,1,0,0.0,1,1.0
矢志,1,1,1.0,0,0.0
系统阐述,1,1,1.0,0,0.0
真理性,1,0,0.0,1,1.0
加速,1,1,1.0,0,0.0
位置,1,1,1.0,0,0.0
个人努力,1,1,1.0,0,0.0
本币,1,1,1.0,0,0.0
忧患意识,1,0,0.0,1,1.0
独立自主,1,1,1.0,0,0.0
使沙伊,1,0,0.0,1,1.0
文件,1,1,1.0,0,0.0
讲好,1,1,1.0,0,0.0
个性,1,1,1.0,0,0.0
推崇,1,0,0.0,1,1.0
根基,1,0,0.0,1,1.0
本领,1,0,0.0,1,1.0
扶危济困,1,0,0.0,1,1.0
领土完整,1,1,1.0,0,0.0
势头,1,0,0.0,1,1.0
脑力劳动,1,0,0.0,1,1.0
经济危机,1,0,0.0,1,1.0
政治协商,1,0,0.0,1,1.0
中国同盟会,1,1,1.0,0,0.0
相亲,1,1,1.0,0,0.0
结构调整,1,0,0.0,1,1.0
宇宙观,1,1,1.0,0,0.0
同扶志,1,1,1.0,0,0.0
联俄,1,1,1.0,0,0.0
以往,1,1,1.0,0,0.0
后期,1,0,0.0,1,1.0
持久,1,1,1.0,0,0.0
依宪,1,1,1.0,0,0.0
反杜林论,1,1,1.0,0,0.0
过境,1,0,0.0,1,1.0
自信心,1,1,1.0,0,0.0
差额,1,1,1.0,0,0.0
共产国际,1,0,0.0,1,1.0
和平共处,1,1,1.0,0,0.0
贸易战,1,0,0.0,1,1.0
归属感,1,0,0.0,1,1.0
有法必依,1,0,0.0,1,1.0
极其,1,0,0.0,1,1.0
神话,1,1,1.0,0,0.0
期盼,1,1,1.0,0,0.0
不再,1,0,0.0,1,1.0
种族,1,0,0.0,1,1.0
实力,1,1,1.0,0,0.0
触及,1,0,0.0,1,1.0
看成,1,0,0.0,1,1.0
双边,1,1,1.0,0,0.0
转型,1,1,1.0,0,0.0
试行,1,1,1.0,0,0.0
拒腐防变,1,1,1.0,0,0.0
库存,1,0,0.0,1,1.0
得到,1,0,0.0,1,1.0
概论,1,0,0.0,1,1.0
批判,1,1,1.0,0,0.0
违法必究,1,0,0.0,1,1.0
妥协性,1,0,0.0,1,1.0
一国两制,1,1,1.0,0,0.0
资本积累,1,0,0.0,1,1.0
障碍,1,0,0.0,1,1.0
吸引外资,1,1,1.0,0,0.0
保卫,1,1,1.0,0,0.0
中流砥柱,1,1,1.0,0,0.0
网结,1,0,0.0,1,1.0
笼子,1,0,0.0,1,1.0
包围,1,0,0.0,1,1.0
建设者,1,1,1.0,0,0.0
共同理想,1,0,0.0,1,1.0
演进,1,1,1.0,0,0.0
完备,1,0,0.0,1,1.0
长期共存,1,1,1.0,0,0.0
相同,1,0,0.0,1,1.0
重点难点,1,0,0.0,1,1.0
周期率,1,1,1.0,0,0.0
时机,1,0,0.0,1,1.0
带动力,1,1,1.0,0,0.0
进口,1,0,0.0,1,1.0
拒绝,1,0,0.0,1,1.0
打碎,1,1,1.0,0,0.0
旅游,1,0,0.0,1,1.0
满足需要,1,1,1.0,0,0.0
减少,1,0,0.0,1,1.0
世界观,1,1,1.0,0,0.0
允许,1,1,1.0,0,0.0
沿海,1,0,0.0,1,1.0
榨取,1,0,0.0,1,1.0
规定,1,0,0.0,1,1.0
攻坚,1,1,1.0,0,0.0
只有,1,1,1.0,0,0.0
再配,1,0,0.0,1,1.0
有意识,1,0,0.0,1,1.0
激发,1,0,0.0,1,1.0
讨论,1,0,0.0,1,1.0
话语权,1,0,0.0,1,1.0
体制改革,1,0,0.0,1,1.0
显示,1,1,1.0,0,0.0
监事会,1,0,0.0,1,1.0
所有者,1,1,1.0,0,0.0
一脉相承,1,0,0.0,1,1.0
过剩人口,1,1,1.0,0,0.0
国安,1,1,1.0,0,0.0
会议,1,0,0.0,1,1.0
潮流,1,1,1.0,0,0.0
所有权,1,1,1.0,0,0.0
伦理道德,1,1,1.0,0,0.0
合作社,1,1,1.0,0,0.0
联共,1,1,1.0,0,0.0
欧盟,1,1,1.0,0,0.0
体力劳动,1,0,0.0,1,1.0
变局,1,1,1.0,0,0.0
赞成,1,0,0.0,1,1.0
秩序,1,0,0.0,1,1.0
熔铸,1,1,1.0,0,0.0
大陆,1,0,0.0,1,1.0
地势,1,1,1.0,0,0.0
寻求,1,0,0.0,1,1.0
以和为贵,1,0,0.0,1,1.0
生存,1,1,1.0,0,0.0
特权,1,0,0.0,1,1.0
国民素质,1,0,0.0,1,1.0
荣誉,1,1,1.0,0,0.0
大体上,1,0,0.0,1,1.0
间接,1,1,1.0,0,0.0
关键性,1,1,1.0,0,0.0
产业资本,1,1,1.0,0,0.0
游戏规则,1,0,0.0,1,1.0
潜在,1,1,1.0,0,0.0
行动指南,1,0,0.0,1,1.0
学科建设,1,0,0.0,1,1.0
阻碍,1,0,0.0,1,1.0
正当性,1,1,1.0,0,0.0
意识形态,1,1,1.0,0,0.0
带来,1,1,1.0,0,0.0
容纳,1,1,1.0,0,0.0
践行,1,1,1.0,0,0.0
逐步,1,1,1.0,0,0.0
初步,1,0,0.0,1,1.0
受益者,1,0,0.0,1,1.0
青少年,1,1,1.0,0,0.0
立体,1,1,1.0,0,0.0
根本途径,1,0,0.0,1,1.0
农民战争,1,1,1.0,0,0.0
节点,1,1,1.0,0,0.0
胜利果实,1,1,1.0,0,0.0
真正,1,1,1.0,0,0.0
惊人,1,0,0.0,1,1.0
联盟,1,0,0.0,1,1.0
进攻,1,1,1.0,0,0.0
平均利润,1,0,0.0,1,1.0
董事长,1,0,0.0,1,1.0
若干,1,1,1.0,0,0.0
高端,1,0,0.0,1,1.0
一把手,1,1,1.0,0,0.0
乃至,1,1,1.0,0,0.0
全面实现,1,0,0.0,1,1.0
热点问题,1,1,1.0,0,0.0
或本,1,1,1.0,0,0.0
加征,1,0,0.0,1,1.0
论证,1,1,1.0,0,0.0
依法行政,1,0,0.0,1,1.0
有关,1,0,0.0,1,1.0
职责,1,0,0.0,1,1.0
自然资源,1,0,0.0,1,1.0
和平统一,1,1,1.0,0,0.0
巴黎和会,1,1,1.0,0,0.0
主产区,1,0,0.0,1,1.0
支持者,1,1,1.0,0,0.0
多边贸易,1,1,1.0,0,0.0
慈善事业,1,1,1.0,0,0.0
巴勒斯坦,1,1,1.0,0,0.0
样态,1,1,1.0,0,0.0
海外,1,1,1.0,0,0.0
自立自强,1,0,0.0,1,1.0
安源,1,1,1.0,0,0.0
倾向,1,0,0.0,1,1.0
读物,1,0,0.0,1,1.0
攻克,1,1,1.0,0,0.0
市场机制,1,1,1.0,0,0.0
新文化运动,1,1,1.0,0,0.0
测量,1,1,1.0,0,0.0
局部,1,1,1.0,0,0.0
弥补,1,1,1.0,0,0.0
第二步,1,0,0.0,1,1.0
代表性,1,1,1.0,0,0.0
对抗,1,0,0.0,1,1.0
赋予,1,1,1.0,0,0.0
遵守,1,1,1.0,0,0.0
适度,1,1,1.0,0,0.0
血缘,1,0,0.0,1,1.0
股份,1,0,0.0,1,1.0
终身,1,1,1.0,0,0.0
诚意,1,1,1.0,0,0.0
北斗,1,0,0.0,1,1.0
商业资本,1,1,1.0,0,0.0
友好,1,1,1.0,0,0.0
政府职能,1,0,0.0,1,1.0
适用,1,0,0.0,1,1.0
劳动报酬,1,0,0.0,1,1.0
手机,1,0,0.0,1,1.0
企图,1,1,1.0,0,0.0
团结合作,1,0,0.0,1,1.0
约束,1,1,1.0,0,0.0
红军,1,1,1.0,0,0.0
艰苦奋斗,1,0,0.0,1,1.0
取得成功,1,1,1.0,0,0.0
绝不,1,1,1.0,0,0.0
暗物质,1,0,0.0,1,1.0
中继,1,1,1.0,0,0.0
民意基础,1,1,1.0,0,0.0
优劣,1,1,1.0,0,0.0
夸大,1,0,0.0,1,1.0
有时,1,1,1.0,0,0.0
探测器,1,1,1.0,0,0.0
筑牢,1,1,1.0,0,0.0
杠杆,1,0,0.0,1,1.0
拉紧,1,1,1.0,0,0.0
可有可无,1,0,0.0,1,1.0
薄弱,1,1,1.0,0,0.0
大力发展,1,1,1.0,0,0.0
划定,1,1,1.0,0,0.0
资本输出,1,0,0.0,1,1.0
甚至,1,1,1.0,0,0.0
管党,1,1,1.0,0,0.0
使得,1,0,0.0,1,1.0
违约,1,0,0.0,1,1.0
事物本质,1,0,0.0,1,1.0
二重性,1,1,1.0,0,0.0
背景,1,0,0.0,1,1.0
智感,1,1,1.0,0,0.0
惩恶扬善,1,1,1.0,0,0.0
聚集,1,0,0.0,1,1.0
成员国,1,1,1.0,0,0.0
归根结底,1,1,1.0,0,0.0
双赢,1,0,0.0,1,1.0
继续,1,1,1.0,0,0.0
异己,1,1,1.0,0,0.0
君权神授,1,0,0.0,1,1.0
生命线,1,1,1.0,0,0.0
内战,1,0,0.0,1,1.0
互换,1,1,1.0,0,0.0
正义者,1,0,0.0,1,1.0
源头,1,1,1.0,0,0.0
打退,1,0,0.0,1,1.0
推行,1,1,1.0,0,0.0
干扰,1,0,0.0,1,1.0
包含,1,0,0.0,1,1.0
粮于技,1,1,1.0,0,0.0
野蛮,1,1,1.0,0,0.0
意味着,1,1,1.0,0,0.0
深化改革,1,0,0.0,1,1.0
岛内,1,1,1.0,0,0.0
战胜,1,1,1.0,0,0.0
增值,1,1,1.0,0,0.0
扶智,1,1,1.0,0,0.0
金融危机,1,0,0.0,1,1.0
余粮收集,1,1,1.0,0,0.0
服从,1,1,1.0,0,0.0
反抗,1,1,1.0,0,0.0
赎买,1,1,1.0,0,0.0
尊崇,1,0,0.0,1,1.0
各级,1,1,1.0,0,0.0
资本有机,1,1,1.0,0,0.0
新台阶,1,0,0.0,1,1.0
向前,1,0,0.0,1,1.0
结伴,1,0,0.0,1,1.0
奥秘,1,1,1.0,0,0.0
礼遇,1,0,0.0,1,1.0
乡镇企业,1,0,0.0,1,1.0
力量对比,1,1,1.0,0,0.0
总统,1,0,0.0,1,1.0
虚拟,1,0,0.0,1,1.0
鄂粤赣,1,0,0.0,1,1.0
入市,1,0,0.0,1,1.0
对华,1,0,0.0,1,1.0
宪法,1,1,1.0,0,0.0
反中乱,1,1,1.0,0,0.0
夜郎自大,1,1,1.0,0,0.0
成分,1,1,1.0,0,0.0
民主党派,1,1,1.0,0,0.0
勇于,1,1,1.0,0,0.0
制定,1,0,0.0,1,1.0
劳动力,1,0,0.0,1,1.0
动态平衡,1,0,0.0,1,1.0
维新派,1,0,0.0,1,1.0
财税,1,0,0.0,1,1.0
超大规模,1,1,1.0,0,0.0
规模性,1,1,1.0,0,0.0
突围,1,1,1.0,0,0.0
由此,1,1,1.0,0,0.0
中断,1,1,1.0,0,0.0
故事,1,1,1.0,0,0.0
范式,1,1,1.0,0,0.0
联合声明,1,0,0.0,1,1.0
总动员,1,0,0.0,1,1.0
宣布,1,0,0.0,1,1.0
养成,1,1,1.0,0,0.0
防线,1,1,1.0,0,0.0
窗口,1,1,1.0,0,0.0
金融市场,1,0,0.0,1,1.0
督察,1,1,1.0,0,0.0
垄断资本,1,0,0.0,1,1.0
选举,1,1,1.0,0,0.0
互联网,1,0,0.0,1,1.0
准则,1,0,0.0,1,1.0
结论,1,1,1.0,0,0.0
有利条件,1,0,0.0,1,1.0
共和国,1,1,1.0,0,0.0
最为,1,0,0.0,1,1.0
管用,1,1,1.0,0,0.0
勾连,1,1,1.0,0,0.0
增加出口,1,0,0.0,1,1.0
彼此之间,1,1,1.0,0,0.0
清除,1,0,0.0,1,1.0
安宁,1,1,1.0,0,0.0
压力,1,1,1.0,0,0.0
民主自由,1,0,0.0,1,1.0
接班人,1,1,1.0,0,0.0
民族意识,1,0,0.0,1,1.0
寄托,1,1,1.0,0,0.0
签订,1,0,0.0,1,1.0
土地改革,1,0,0.0,1,1.0
自力更生,1,0,0.0,1,1.0
松绑,1,1,1.0,0,0.0
经营权,1,1,1.0,0,0.0
天下大同,1,0,0.0,1,1.0
高度自治权,1,1,1.0,0,0.0
原本,1,1,1.0,0,0.0
货币资本,1,1,1.0,0,0.0
认同感,1,0,0.0,1,1.0
重要性,1,1,1.0,0,0.0
心理,1,0,0.0,1,1.0
本身,1,1,1.0,0,0.0
航天事业,1,1,1.0,0,0.0
助力,1,1,1.0,0,0.0
爱好,1,0,0.0,1,1.0
必然性,1,1,1.0,0,0.0
共赢,1,1,1.0,0,0.0
张学良,1,0,0.0,1,1.0
导向,1,0,0.0,1,1.0
深入人心,1,0,0.0,1,1.0
暴露,1,1,1.0,0,0.0
纳入,1,0,0.0,1,1.0
承继,1,1,1.0,0,0.0
创造性,1,0,0.0,1,1.0
防控,1,1,1.0,0,0.0
补齐,1,0,0.0,1,1.0
包括,1,1,1.0,0,0.0
保守,1,1,1.0,0,0.0
发现,1,1,1.0,0,0.0
阐释,1,1,1.0,0,0.0
应当,1,1,1.0,0,0.0
夯实,1,1,1.0,0,0.0
供需,1,0,0.0,1,1.0
上海,1,0,0.0,1,1.0
宗教信仰,1,0,0.0,1,1.0
收益,1,0,0.0,1,1.0
培训,1,1,1.0,0,0.0
答案,1,1,1.0,0,0.0
所谓,1,1,1.0,0,0.0
公民,1,1,1.0,0,0.0
统一战线,1,0,0.0,1,1.0
正义性,1,0,0.0,1,1.0
明显,1,1,1.0,0,0.0
租借,1,1,1.0,0,0.0
代替,1,0,0.0,1,1.0
涉外,1,0,0.0,1,1.0
激励,1,0,0.0,1,1.0
可能性,1,1,1.0,0,0.0
挑衅,1,1,1.0,0,0.0
科学技术,1,1,1.0,0,0.0
苏俄,1,0,0.0,1,1.0
决战,1,0,0.0,1,1.0
释放,1,1,1.0,0,0.0
百花齐放,1,1,1.0,0,0.0
军事优势,1,1,1.0,0,0.0
各族人民,1,1,1.0,0,0.0
割据,1,0,0.0,1,1.0
低价,1,0,0.0,1,1.0
科学实验,1,0,0.0,1,1.0
手足,1,1,1.0,0,0.0
地主阶级,1,0,0.0,1,1.0
现象,1,0,0.0,1,1.0
通报制度,1,0,0.0,1,1.0
宗派主义,1,0,0.0,1,1.0
迎合,1,0,0.0,1,1.0
保护地,1,1,1.0,0,0.0
弱小,1,1,1.0,0,0.0
温饱,1,1,1.0,0,0.0
如水,1,1,1.0,0,0.0
物质基础,1,1,1.0,0,0.0
毛泽东,1,1,1.0,0,0.0
爱护公物,1,0,0.0,1,1.0
旗帜鲜明,1,1,1.0,0,0.0
主导力量,1,0,0.0,1,1.0
构造,1,0,0.0,1,1.0
永葆青春,1,1,1.0,0,0.0
各自,1,1,1.0,0,0.0
第三个,1,1,1.0,0,0.0
取长补短,1,1,1.0,0,0.0
租界,1,0,0.0,1,1.0
远大理想,1,0,0.0,1,1.0
共产主义者,1,1,1.0,0,0.0
参与者,1,1,1.0,0,0.0
匡扶,1,1,1.0,0,0.0
持续性,1,1,1.0,0,0.0
个体劳动,1,1,1.0,0,0.0
打仗,1,1,1.0,0,0.0
自豪感,1,1,1.0,0,0.0
展现,1,1,1.0,0,0.0
连成一片,1,1,1.0,0,0.0
努力争取,1,1,1.0,0,0.0
恐怖主义,1,0,0.0,1,1.0
更替,1,1,1.0,0,0.0
不结盟,1,0,0.0,1,1.0
首要地位,1,1,1.0,0,0.0
三三制,1,1,1.0,0,0.0
垫付,1,1,1.0,0,0.0
批评,1,0,0.0,1,1.0
隐蔽,1,0,0.0,1,1.0
京津冀,1,1,1.0,0,0.0
产能,1,0,0.0,1,1.0
缺乏,1,0,0.0,1,1.0
拨乱反正,1,1,1.0,0,0.0
主导作用,1,0,0.0,1,1.0
均衡,1,1,1.0,0,0.0
开发利用,1,0,0.0,1,1.0
不可估量,1,1,1.0,0,0.0
一补,1,0,0.0,1,1.0
全党,1,1,1.0,0,0.0
提倡,1,0,0.0,1,1.0
商品交换,1,1,1.0,0,0.0
专门,1,0,0.0,1,1.0
里程碑,1,1,1.0,0,0.0
霸权,1,0,0.0,1,1.0
唯一性,1,0,0.0,1,1.0
职业技能,1,1,1.0,0,0.0
总和,1,0,0.0,1,1.0
促发展,1,1,1.0,0,0.0
一部分,1,0,0.0,1,1.0
得以,1,0,0.0,1,1.0
觉醒,1,0,0.0,1,1.0
描绘,1,1,1.0,0,0.0
高起点,1,1,1.0,0,0.0
严格执法,1,0,0.0,1,1.0
活动家,1,1,1.0,0,0.0
对象,1,0,0.0,1,1.0
蚕食,1,0,0.0,1,1.0
频繁,1,0,0.0,1,1.0
工业体系,1,1,1.0,0,0.0
解释,1,1,1.0,0,0.0
形势,1,1,1.0,0,0.0
创造者,1,1,1.0,0,0.0
人民政协,1,0,0.0,1,1.0
宏伟,1,1,1.0,0,0.0
一降,1,0,0.0,1,1.0
南南合作,1,1,1.0,0,0.0
我军,1,1,1.0,0,0.0
洞察,1,1,1.0,0,0.0
迫切要求,1,1,1.0,0,0.0
竞争性,1,0,0.0,1,1.0
宣传教育,1,0,0.0,1,1.0
长期存在,1,1,1.0,0,0.0
综合国力,1,1,1.0,0,0.0
干部,1,1,1.0,0,0.0
遏制,1,1,1.0,0,0.0
持股,1,0,0.0,1,1.0
指示,1,0,0.0,1,1.0
彻底性,1,0,0.0,1,1.0
驱动,1,1,1.0,0,0.0
担负,1,1,1.0,0,0.0
机关,1,1,1.0,0,0.0
控制者,1,1,1.0,0,0.0
原则性,1,1,1.0,0,0.0
用地,1,0,0.0,1,1.0
总量,1,0,0.0,1,1.0
互整,1,1,1.0,0,0.0
开发新,1,1,1.0,0,0.0
不外是,1,1,1.0,0,0.0
软着陆,1,1,1.0,0,0.0
协定,1,1,1.0,0,0.0
关心群众,1,0,0.0,1,1.0
分裂,1,0,0.0,1,1.0
超常,1,0,0.0,1,1.0
产物,1,0,0.0,1,1.0
党要,1,1,1.0,0,0.0
标志性,1,1,1.0,0,0.0
零的突破,1,0,0.0,1,1.0
运用,1,1,1.0,0,0.0
步骤,1,0,0.0,1,1.0
近代,1,0,0.0,1,1.0
交锋,1,0,0.0,1,1.0
伊朗核,1,0,0.0,1,1.0
按劳分配,1,1,1.0,0,0.0
中东地区,1,1,1.0,0,0.0
双循环,1,1,1.0,0,0.0
农村土地,1,1,1.0,0,0.0
门内,1,0,0.0,1,1.0
困难,1,1,1.0,0,0.0
三去,1,0,0.0,1,1.0
取消,1,1,1.0,0,0.0
自己,1,1,1.0,0,0.0
起着,1,0,0.0,1,1.0
市场化,1,1,1.0,0,0.0
职工,1,0,0.0,1,1.0
行列,1,1,1.0,0,0.0
邻国,1,0,0.0,1,1.0
革新,1,1,1.0,0,0.0
实际上,1,0,0.0,1,1.0
法制,1,0,0.0,1,1.0
杨虎城,1,0,0.0,1,1.0
太空站,1,0,0.0,1,1.0
意蕴,1,1,1.0,0,0.0
突出,1,1,1.0,0,0.0
互相监督,1,1,1.0,0,0.0
推进改革,1,1,1.0,0,0.0
论述,1,0,0.0,1,1.0
民心,1,1,1.0,0,0.0
请示报告,1,1,1.0,0,0.0
贮藏,1,0,0.0,1,1.0
日本,1,0,0.0,1,1.0
国家机器,1,1,1.0,0,0.0
工作人员,1,1,1.0,0,0.0
主客体,1,1,1.0,0,0.0
污染,1,1,1.0,0,0.0
壮大,1,0,0.0,1,1.0
统治阶级,1,0,0.0,1,1.0
效率,1,0,0.0,1,1.0
知行合一,1,0,0.0,1,1.0
京汉铁路,1,0,0.0,1,1.0
并存,1,1,1.0,0,0.0
国有资本,1,1,1.0,0,0.0
文风,1,0,0.0,1,1.0
敌对,1,1,1.0,0,0.0
市场主体,1,0,0.0,1,1.0
配套,1,1,1.0,0,0.0
特点,1,1,1.0,0,0.0
健康,1,0,0.0,1,1.0
商讨,1,0,0.0,1,1.0
束缚,1,1,1.0,0,0.0
一边倒,1,0,0.0,1,1.0
幸福,1,1,1.0,0,0.0
深入开展,1,0,0.0,1,1.0
错综复杂,1,1,1.0,0,0.0
股东大会,1,0,0.0,1,1.0
义务人,1,0,0.0,1,1.0
共有,1,1,1.0,0,0.0
单边制裁,1,1,1.0,0,0.0
架构,1,1,1.0,0,0.0
上层建筑,1,0,0.0,1,1.0
至关重要,1,0,0.0,1,1.0
价值量,1,1,1.0,0,0.0
税收,1,0,0.0,1,1.0
人伦,1,0,0.0,1,1.0
开滦,1,0,0.0,1,1.0
互利,1,0,0.0,1,1.0
日益增长,1,1,1.0,0,0.0
红线,1,1,1.0,0,0.0
整体利益,1,1,1.0,0,0.0
承认,1,1,1.0,0,0.0
团结互助,1,1,1.0,0,0.0
所费,1,1,1.0,0,0.0
守望相助,1,1,1.0,0,0.0
新一轮,1,1,1.0,0,0.0
获取,1,0,0.0,1,1.0
已知,1,1,1.0,0,0.0
开国,1,0,0.0,1,1.0
史上,1,1,1.0,0,0.0
全心全意,1,1,1.0,0,0.0
难题,1,0,0.0,1,1.0
廊道,1,0,0.0,1,1.0
至高无上,1,0,0.0,1,1.0
支配,1,0,0.0,1,1.0
助人为乐,1,0,0.0,1,1.0
塑造,1,1,1.0,0,0.0
不断深入,1,1,1.0,0,0.0
出版,1,0,0.0,1,1.0
经济波动,1,0,0.0,1,1.0
发言权,1,1,1.0,0,0.0
不利于,1,0,0.0,1,1.0
奉献,1,1,1.0,0,0.0
一批,1,0,0.0,1,1.0
严密,1,0,0.0,1,1.0
第二次,1,0,0.0,1,1.0
后盾,1,1,1.0,0,0.0
从事,1,0,0.0,1,1.0
暴力手段,1,1,1.0,0,0.0
渗透,1,1,1.0,0,0.0
党政,1,1,1.0,0,0.0
反侵略,1,0,0.0,1,1.0
动摇,1,0,0.0,1,1.0
经营性,1,0,0.0,1,1.0
革命战争,1,1,1.0,0,0.0
实质性,1,1,1.0,0,0.0
阶段性,1,1,1.0,0,0.0
一半,1,0,0.0,1,1.0
党八股,1,0,0.0,1,1.0
统一性,1,1,1.0,0,0.0
面貌,1,0,0.0,1,1.0
优良,1,0,0.0,1,1.0
态度,1,1,1.0,0,0.0
美好世界,1,1,1.0,0,0.0
率先,1,1,1.0,0,0.0
凸显,1,1,1.0,0,0.0
美丽,1,1,1.0,0,0.0
提振,1,1,1.0,0,0.0
农工,1,1,1.0,0,0.0
之策,1,1,1.0,0,0.0
生产经营者,1,1,1.0,0,0.0
高素质,1,1,1.0,0,0.0
网络,1,0,0.0,1,1.0
不移,1,0,0.0,1,1.0
交通运输业,1,1,1.0,0,0.0
20.5,1,0,0.0,1,1.0
考核制度,1,1,1.0,0,0.0
抽象劳动,1,0,0.0,1,1.0
耕种,1,0,0.0,1,1.0
挑起,1,0,0.0,1,1.0
一起,1,0,0.0,1,1.0
一致性,1,1,1.0,0,0.0
自然遗产,1,1,1.0,0,0.0
追究,1,1,1.0,0,0.0
普遍性,1,1,1.0,0,0.0
全球化,1,1,1.0,0,0.0
坚强,1,1,1.0,0,0.0
疑欧,1,1,1.0,0,0.0
铸牢,1,1,1.0,0,0.0
经历,1,0,0.0,1,1.0
新机制,1,0,0.0,1,1.0
设计,1,0,0.0,1,1.0
颠倒,1,0,0.0,1,1.0
事先,1,0,0.0,1,1.0
第一次,1,1,1.0,0,0.0
政协委员,1,0,0.0,1,1.0
难民潮,1,1,1.0,0,0.0
最终目标,1,0,0.0,1,1.0
弱项,1,0,0.0,1,1.0
失业率,1,0,0.0,1,1.0
种种,1,0,0.0,1,1.0
因时制宜,1,1,1.0,0,0.0
参政议政,1,0,0.0,1,1.0
出兵,1,0,0.0,1,1.0
部队,1,1,1.0,0,0.0
战斗性,1,1,1.0,0,0.0
使命,1,0,0.0,1,1.0
国际竞争,1,1,1.0,0,0.0
精品,1,0,0.0,1,1.0
不可分割,1,1,1.0,0,0.0
掠夺,1,1,1.0,0,0.0
统治集团,1,0,0.0,1,1.0
势力范围,1,1,1.0,0,0.0
独特性,1,1,1.0,0,0.0
左翼,1,1,1.0,0,0.0
向上,1,1,1.0,0,0.0
调查,1,1,1.0,0,0.0
经济布局,1,1,1.0,0,0.0
跳出,1,1,1.0,0,0.0
国际威望,1,1,1.0,0,0.0
疏导,1,0,0.0,1,1.0
正是,1,1,1.0,0,0.0
表现,1,1,1.0,0,0.0
一道,1,1,1.0,0,0.0
大众化,1,0,0.0,1,1.0
广泛传播,1,0,0.0,1,1.0
经济体制,1,0,0.0,1,1.0
服务型,1,1,1.0,0,0.0
失败,1,1,1.0,0,0.0
剥削制度,1,0,0.0,1,1.0
相对来说,1,1,1.0,0,0.0
单个,1,1,1.0,0,0.0
祖国统一,1,1,1.0,0,0.0
自然地理,1,1,1.0,0,0.0
医疗,1,1,1.0,0,0.0
优质,1,0,0.0,1,1.0
周边,1,0,0.0,1,1.0
三民主义,1,1,1.0,0,0.0
朝鲜半岛,1,1,1.0,0,0.0
统治者,1,1,1.0,0,0.0
性格,1,1,1.0,0,0.0
而已,1,1,1.0,0,0.0
长期以来,1,1,1.0,0,0.0
破冰,1,1,1.0,0,0.0
共性,1,1,1.0,0,0.0
独立性,1,1,1.0,0,0.0
邓小平,1,1,1.0,0,0.0
计量,1,1,1.0,0,0.0
局限性,1,1,1.0,0,0.0
引导,1,1,1.0,0,0.0
海员,1,0,0.0,1,1.0
调动,1,1,1.0,0,0.0
合乎,1,0,0.0,1,1.0
政治性,1,1,1.0,0,0.0
民法,1,1,1.0,0,0.0
大革命,1,0,0.0,1,1.0
道德观,1,1,1.0,0,0.0
家族,1,0,0.0,1,1.0
齐心协力,1,0,0.0,1,1.0
便利化,1,0,0.0,1,1.0
生产工具,1,0,0.0,1,1.0
自我完善,1,1,1.0,0,0.0
种粮,1,0,0.0,1,1.0
增量,1,0,0.0,1,1.0
上升,1,0,0.0,1,1.0
设定,1,1,1.0,0,0.0
发挥作用,1,1,1.0,0,0.0
领导集体,1,1,1.0,0,0.0
社会分工,1,1,1.0,0,0.0
链条,1,1,1.0,0,0.0
联合作战,1,1,1.0,0,0.0
敌人,1,1,1.0,0,0.0
畅通无阻,1,1,1.0,0,0.0
空间结构,1,1,1.0,0,0.0
三大,1,1,1.0,0,0.0
大家庭,1,1,1.0,0,0.0
法人,1,1,1.0,0,0.0
躬行实践,1,0,0.0,1,1.0
俄罗斯,1,0,0.0,1,1.0
兴国,1,1,1.0,0,0.0
中新,1,1,1.0,0,0.0
最后,1,1,1.0,0,0.0
创新性,1,0,0.0,1,1.0
隔离,1,0,0.0,1,1.0
行星,1,1,1.0,0,0.0
秋收起义,1,0,0.0,1,1.0
守住,1,1,1.0,0,0.0
普遍规律,1,0,0.0,1,1.0
比重,1,0,0.0,1,1.0
人口素质,1,0,0.0,1,1.0
在实践中,1,1,1.0,0,0.0
正反两方,1,1,1.0,0,0.0
贫困地区,1,1,1.0,0,0.0
战略性,1,1,1.0,0,0.0
测试,1,0,0.0,1,1.0
就业,1,1,1.0,0,0.0
怎样,1,1,1.0,0,0.0
胸怀大局,1,1,1.0,0,0.0
遗留,1,0,0.0,1,1.0
恶劣,1,1,1.0,0,0.0
本原,1,0,0.0,1,1.0
创新能力,1,1,1.0,0,0.0
革命斗争,1,1,1.0,0,0.0
细节,1,1,1.0,0,0.0
仁爱,1,0,0.0,1,1.0
首要条件,1,1,1.0,0,0.0
休养生息,1,1,1.0,0,0.0
人民代表,1,0,0.0,1,1.0
主导地位,1,0,0.0,1,1.0
当代史,1,0,0.0,1,1.0
准备,1,1,1.0,0,0.0
入法,1,1,1.0,0,0.0
基本法,1,1,1.0,0,0.0
淬炼,1,0,0.0,1,1.0
哲学,1,0,0.0,1,1.0
基本国情,1,0,0.0,1,1.0
公序良,1,1,1.0,0,0.0
循环往复,1,0,0.0,1,1.0
求同存异,1,0,0.0,1,1.0
客观实在,1,0,0.0,1,1.0
网上,1,0,0.0,1,1.0
享乐主义,1,0,0.0,1,1.0
百家争鸣,1,1,1.0,0,0.0
组织路线,1,1,1.0,0,0.0
带有,1,0,0.0,1,1.0
固有,1,0,0.0,1,1.0
沿线,1,1,1.0,0,0.0
顽强,1,1,1.0,0,0.0
迎难而上,1,1,1.0,0,0.0
定型,1,0,0.0,1,1.0
立国,1,1,1.0,0,0.0
任意,1,0,0.0,1,1.0
森林,1,1,1.0,0,0.0
边疆地区,1,0,0.0,1,1.0
一致同意,1,1,1.0,0,0.0
延续,1,1,1.0,0,0.0
相互促进,1,1,1.0,0,0.0
激荡,1,1,1.0,0,0.0
国际经济组织,1,1,1.0,0,0.0
最大公约数,1,1,1.0,0,0.0
迈上,1,0,0.0,1,1.0
金砖,1,1,1.0,0,0.0
竞相,1,1,1.0,0,0.0
德意志,1,1,1.0,0,0.0
交叉,1,0,0.0,1,1.0
纯洁性,1,1,1.0,0,0.0
计算出来,1,0,0.0,1,1.0
系统集成,1,1,1.0,0,0.0
决心,1,0,0.0,1,1.0
骨干,1,1,1.0,0,0.0
时代性,1,1,1.0,0,0.0
物质财富,1,0,0.0,1,1.0
行会,1,0,0.0,1,1.0
放松,1,1,1.0,0,0.0
阻挠,1,1,1.0,0,0.0
政权机构,1,1,1.0,0,0.0
全球性,1,0,0.0,1,1.0
主观主义,1,1,1.0,0,0.0
行为规范,1,0,0.0,1,1.0
理论课,1,1,1.0,0,0.0
月球,1,1,1.0,0,0.0
逐渐,1,1,1.0,0,0.0
重复,1,0,0.0,1,1.0
气候变化,1,1,1.0,0,0.0
党的建设,1,1,1.0,0,0.0
移入,1,1,1.0,0,0.0
培养,1,1,1.0,0,0.0
息票,1,1,1.0,0,0.0
地点,1,1,1.0,0,0.0
历史进程,1,1,1.0,0,0.0
从前,1,1,1.0,0,0.0
精兵简政,1,0,0.0,1,1.0
实验室,1,0,0.0,1,1.0
等价物,1,0,0.0,1,1.0
越强,1,0,0.0,1,1.0
22,1,1,1.0,0,0.0
依法办事,1,1,1.0,0,0.0
全面实施,1,1,1.0,0,0.0
亚太地区,1,1,1.0,0,0.0
见义勇为,1,0,0.0,1,1.0
百年,1,1,1.0,0,0.0
成效,1,1,1.0,0,0.0
数据,1,1,1.0,0,0.0
积极因素,1,1,1.0,0,0.0
关进,1,0,0.0,1,1.0
少数民族,1,1,1.0,0,0.0
北伐战争,1,0,0.0,1,1.0
产学研,1,0,0.0,1,1.0
相似性,1,0,0.0,1,1.0
遭遇,1,1,1.0,0,0.0
全球战略,1,0,0.0,1,1.0
变动,1,0,0.0,1,1.0
中共中央,1,1,1.0,0,0.0
命脉,1,0,0.0,1,1.0
游客,1,0,0.0,1,1.0
规格,1,0,0.0,1,1.0
新思路,1,1,1.0,0,0.0
活跃分子,1,0,0.0,1,1.0
源于,1,1,1.0,0,0.0
共同利益,1,1,1.0,0,0.0
依靠,1,1,1.0,0,0.0
集聚,1,1,1.0,0,0.0
精气神,1,1,1.0,0,0.0
自我调节,1,1,1.0,0,0.0
易守难,1,1,1.0,0,0.0
追逐,1,1,1.0,0,0.0
高速,1,0,0.0,1,1.0
卓越,1,1,1.0,0,0.0
宣战,1,0,0.0,1,1.0
